[{
    "id": "1",
    "name":"Juan",
    "lastname":"Perez",
    "age":30,
    "email":"juanperez@gmail.com",
    "phone":1234567890

},
{
    "id": "2",
    "name":"Maria",
    "lastname":"Gomez",
    "age":25,
    "email":"mariag@gmail.com",
    "phone":9876543210
},

{
    "id": "3",
    "name":"Maro",
    "lastname":"Gonzales",
    "age":20,
    "email":"mariogonza@gmail.com",
    "phone":4567891230
},
{
    "id": "4",
    "name":"Pedro",
    "lastname":"Suarez",
    "age":40,
    "email":"Pedros2@gmail.com",
    "phone":3216549870
},
{
    "id": "5",
    "name":"Tomas",
    "lastname":"Valdez",
    "age":33,
    "email":"Tvadez@gmail.com",
    "phone":1597534862
}
]