[
    {
        "id": 1,
        "nombre": "Laptop",
        "precio": 1200.50,
        "categoria": "Electrónica",
        "stock": 15
    },
    {
        "id": 2,
        "nombre": "Smartphone",
        "precio": 800.00,
        "categoria": "Electrónica",
        "stock": 30
    },
    {
        "id": 3,
        "nombre": "Camiseta",
        "precio": 25.99,
        "categoria": "Ropa",
        "stock": 50
    },
    {
        "id": 4,
        "nombre": "Libro de Cocina",
        "precio": 15.75,
        "categoria": "Libros",
        "stock": 20
    },
    {
        "id": 5,
        "nombre": "Auriculares",
        "precio": 60.00,
        "categoria": "Electrónica",
        "stock": 40
    }
]